address_id,customer_id,address_type,is_default,address_line1,address_line2,city,state,zip_code,country,phone,created_at
9001,1001,Shipping,Yes,9402 Peterson Drives,,Port Matthew,CO,50298,USA,001-581-896-001,2023-11-24 09:01:00
9002,1001,Billing,Yes,9402 Peterson Drives,,Port Matthew,CO,50298,USA,001-581-896-001,2023-11-24 09:01:00
9003,1002,Shipping,Yes,7525 Clark Grove Apt. 928,,East Steven,KY,84387,USA,(518)349-59310,2023-05-21 11:14:00
9004,1002,Billing,Yes,7525 Clark Grove Apt. 928,,East Steven,KY,84387,USA,(518)349-59310,2023-05-21 11:14:00
9005,1003,Shipping,Yes,653 William Course Apt. 122,,Carlsonfurt,MS,78605,USA,564-613-953767,2023-03-13 19:06:00
9006,1003,Billing,Yes,653 William Course Apt. 122,,Carlsonfurt,MS,78605,USA,564-613-953767,2023-03-13 19:06:00
9007,1004,Shipping,Yes,2880 Burns Creek,,Natashaport,IA,08093,USA,001-645-514-627,2023-12-13 19:57:00
9008,1004,Billing,Yes,2880 Burns Creek,,Natashaport,IA,08093,USA,001-645-514-627,2023-12-13 19:57:00
9009,1005,Shipping,Yes,8713 Caleb Brooks Apt. 930,,Lake Crystalbury,CA,04618,USA,001-682-827-824,2023-10-07 09:37:00
9010,1005,Billing,Yes,8713 Caleb Brooks Apt. 930,,Lake Crystalbury,CA,04618,USA,001-682-827-824,2023-10-07 09:37:00
9011,1006,Shipping,Yes,6701 Richard Junction Apt. 333,,Taylorburgh,KY,61138,USA,(399)873-7631,2023-08-05 08:01:00
9012,1006,Billing,Yes,6701 Richard Junction Apt. 333,,Taylorburgh,KY,61138,USA,(399)873-7631,2023-08-05 08:01:00
9013,1007,Shipping,Yes,60647 Henderson Street,,Mooreport,IL,08166,USA,5808132677,2023-02-17 11:14:00
9014,1007,Billing,Yes,60647 Henderson Street,,Mooreport,IL,08166,USA,5808132677,2023-02-17 11:14:00
9015,1008,Shipping,Yes,998 Donovan Ford Suite 346,,Lake Debbie,NH,41942,USA,220.381.219136,2023-09-16 17:01:00
9016,1008,Billing,Yes,998 Donovan Ford Suite 346,,Lake Debbie,NH,41942,USA,220.381.219136,2023-09-16 17:01:00
9017,1009,Shipping,Yes,8498 Elizabeth Plaza,,Sarahville,FM,18102,USA,783-684-2513,2023-10-15 11:45:00
9018,1009,Billing,Yes,8498 Elizabeth Plaza,,Sarahville,FM,18102,USA,783-684-2513,2023-10-15 11:45:00
9019,1010,Shipping,Yes,680 Charles Spurs Apt. 805,,South David,ME,48296,USA,634-487-401640,2023-11-29 19:34:00
9020,1010,Billing,Yes,680 Charles Spurs Apt. 805,,South David,ME,48296,USA,634-487-401640,2023-11-29 19:34:00
9021,1011,Shipping,Yes,16073 Lisa Mount Suite 433,,Lake Jamesmouth,KY,09600,USA,+1-815-586-9232,2023-08-03 11:28:00
9022,1011,Billing,Yes,16073 Lisa Mount Suite 433,,Lake Jamesmouth,KY,09600,USA,+1-815-586-9232,2023-08-03 11:28:00
9023,1012,Shipping,Yes,9816 Jonathan Station Suite 088,,West Ryan,TN,43780,USA,8147294019,2023-10-29 12:51:00
9024,1012,Billing,Yes,9816 Jonathan Station Suite 088,,West Ryan,TN,43780,USA,8147294019,2023-10-29 12:51:00
9025,1013,Shipping,Yes,3699 Marshall Mills Apt. 872,,West Zacharymouth,CO,98954,USA,+1-865-264-8236,2023-01-04 20:51:00
9026,1013,Billing,Yes,3699 Marshall Mills Apt. 872,,West Zacharymouth,CO,98954,USA,+1-865-264-8236,2023-01-04 20:51:00
9027,1014,Shipping,Yes,87083 Stephen Unions,,Contrerasside,PA,42089,USA,+1-317-869-3676,2023-03-23 19:27:00
9028,1014,Billing,Yes,87083 Stephen Unions,,Contrerasside,PA,42089,USA,+1-317-869-3676,2023-03-23 19:27:00
9029,1015,Shipping,Yes,434 Flores Plains,,East Edwardfurt,UT,20529,USA,(677)943-4873,2023-06-24 12:09:00
9030,1015,Billing,Yes,434 Flores Plains,,East Edwardfurt,UT,20529,USA,(677)943-4873,2023-06-24 12:09:00
9031,1016,Shipping,Yes,6889 Tracy Groves Suite 706,,Elizabethfurt,VA,22133,USA,2367690967,2023-04-21 20:21:00
9032,1016,Billing,Yes,6889 Tracy Groves Suite 706,,Elizabethfurt,VA,22133,USA,2367690967,2023-04-21 20:21:00
9033,1017,Shipping,Yes,5646 Conley Mountains Apt. 805,,Lake Casey,SD,05777,USA,7165272046,2023-02-22 09:24:00
9034,1017,Billing,Yes,5646 Conley Mountains Apt. 805,,Lake Casey,SD,05777,USA,7165272046,2023-02-22 09:24:00
9035,1018,Shipping,Yes,90496 David Flat Apt. 931,,Melissaville,WY,74678,USA,(371)493-7452,2023-02-19 13:54:00
9036,1018,Billing,Yes,90496 David Flat Apt. 931,,Melissaville,WY,74678,USA,(371)493-7452,2023-02-19 13:54:00
9037,1019,Shipping,Yes,9453 Joshua Mission Apt. 799,,Rogersfort,PR,43101,USA,+1-650-967-1657,2023-06-26 17:16:00
9038,1019,Billing,Yes,9453 Joshua Mission Apt. 799,,Rogersfort,PR,43101,USA,+1-650-967-1657,2023-06-26 17:16:00
9039,1020,Shipping,Yes,14363 Beck Land Suite 885,,Barajasside,MA,46613,USA,9839136783,2023-01-23 19:29:00
9040,1020,Billing,Yes,14363 Beck Land Suite 885,,Barajasside,MA,46613,USA,9839136783,2023-01-23 19:29:00
9041,1021,Shipping,Yes,40824 Terri Plaza Suite 271,,New Justinfort,NV,45158,USA,001-682-533-749,2023-10-02 09:59:00
9042,1021,Billing,Yes,40824 Terri Plaza Suite 271,,New Justinfort,NV,45158,USA,001-682-533-749,2023-10-02 09:59:00
9043,1022,Shipping,Yes,4964 Chelsea Streets Apt. 334,,East Johnside,CA,21018,USA,519.802.294131,2023-07-13 09:35:00
9044,1022,Billing,Yes,4964 Chelsea Streets Apt. 334,,East Johnside,CA,21018,USA,519.802.294131,2023-07-13 09:35:00
9045,1023,Shipping,Yes,02499 Gonzales Mountain,,Hollyview,NY,71277,USA,001-447-613-493,2023-05-31 18:39:00
9046,1023,Billing,Yes,02499 Gonzales Mountain,,Hollyview,NY,71277,USA,001-447-613-493,2023-05-31 18:39:00
9047,1024,Shipping,Yes,671 Bailey Isle,,Elizabethburgh,MA,54456,USA,901-639-904902,2023-07-05 17:12:00
9048,1024,Billing,Yes,671 Bailey Isle,,Elizabethburgh,MA,54456,USA,901-639-904902,2023-07-05 17:12:00
9049,1025,Shipping,Yes,770 Joseph Curve Suite 771,,Lake Chelseabury,VT,21259,USA,215.545.168087,2023-12-27 09:02:00
9050,1025,Billing,Yes,770 Joseph Curve Suite 771,,Lake Chelseabury,VT,21259,USA,215.545.168087,2023-12-27 09:02:00
9051,1026,Shipping,Yes,3982 Joshua Turnpike,,Morganhaven,KY,00837,USA,527-948-4677,2023-12-05 11:49:00
9052,1026,Billing,Yes,3982 Joshua Turnpike,,Morganhaven,KY,00837,USA,527-948-4677,2023-12-05 11:49:00
9053,1027,Shipping,Yes,766 Tyler Camp Apt. 895,,Port Meganville,NC,60391,USA,855.288.675339,2023-05-29 09:54:00
9054,1027,Billing,Yes,766 Tyler Camp Apt. 895,,Port Meganville,NC,60391,USA,855.288.675339,2023-05-29 09:54:00
9055,1028,Shipping,Yes,1172 Berger Cape,,Lauraport,MI,49632,USA,696-515-865780,2023-04-30 09:24:00
9056,1028,Billing,Yes,1172 Berger Cape,,Lauraport,MI,49632,USA,696-515-865780,2023-04-30 09:24:00
9057,1029,Shipping,Yes,474 Rachel Mountain Suite 821,,Landryshire,ME,84247,USA,(421)596-9379,2023-05-23 15:40:00
9058,1029,Billing,Yes,474 Rachel Mountain Suite 821,,Landryshire,ME,84247,USA,(421)596-9379,2023-05-23 15:40:00
9059,1030,Shipping,Yes,95339 Byrd Stravenue Apt. 104,,Johnsonstad,VA,17725,USA,213.969.594406,2023-07-06 10:23:00
9060,1030,Billing,Yes,95339 Byrd Stravenue Apt. 104,,Johnsonstad,VA,17725,USA,213.969.594406,2023-07-06 10:23:00
9061,1031,Shipping,Yes,516 Joseph Crossing Suite 549,,Carsonstad,CT,88953,USA,(488)542-47451,2023-07-01 11:42:00
9062,1031,Billing,Yes,516 Joseph Crossing Suite 549,,Carsonstad,CT,88953,USA,(488)542-47451,2023-07-01 11:42:00
9063,1032,Shipping,Yes,8692 Pena Village Suite 964,,Lake Mitchellmouth,NV,31448,USA,446.812.004711,2023-05-17 19:59:00
9064,1032,Billing,Yes,8692 Pena Village Suite 964,,Lake Mitchellmouth,NV,31448,USA,446.812.004711,2023-05-17 19:59:00
9065,1033,Shipping,Yes,335 Kristina Ranch,,West Micheleberg,DC,71308,USA,531-371-390053,2023-12-16 18:04:00
9066,1033,Billing,Yes,335 Kristina Ranch,,West Micheleberg,DC,71308,USA,531-371-390053,2023-12-16 18:04:00
9067,1034,Shipping,Yes,5891 Gordon Ridges Apt. 847,,North Yolandafurt,NE,90429,USA,001-350-324-026,2023-11-08 18:10:00
9068,1034,Billing,Yes,5891 Gordon Ridges Apt. 847,,North Yolandafurt,NE,90429,USA,001-350-324-026,2023-11-08 18:10:00
9069,1035,Shipping,Yes,18367 Robert Views Suite 661,,Ronaldview,MN,20507,USA,+1-621-924-9985,2023-10-01 19:15:00
9070,1035,Billing,Yes,18367 Robert Views Suite 661,,Ronaldview,MN,20507,USA,+1-621-924-9985,2023-10-01 19:15:00
9071,1036,Shipping,Yes,1983 Diane Fork Apt. 585,,Port Joshuabury,AS,56745,USA,001-252-680-988,2023-03-25 15:24:00
9072,1036,Billing,Yes,1983 Diane Fork Apt. 585,,Port Joshuabury,AS,56745,USA,001-252-680-988,2023-03-25 15:24:00
9073,1037,Shipping,Yes,83667 Moore Inlet,,Kimberlyshire,PA,11636,USA,302-444-550229,2023-05-19 18:44:00
9074,1037,Billing,Yes,83667 Moore Inlet,,Kimberlyshire,PA,11636,USA,302-444-550229,2023-05-19 18:44:00
9075,1038,Shipping,Yes,69003 Dougherty Trafficway,,Port Jonathan,MD,16227,USA,(979)676-43815,2023-10-13 11:43:00
9076,1038,Billing,Yes,69003 Dougherty Trafficway,,Port Jonathan,MD,16227,USA,(979)676-43815,2023-10-13 11:43:00
9077,1039,Shipping,Yes,60529 Collier Lake Apt. 613,,Chapmanhaven,CO,52374,USA,885.816.060715,2023-06-16 20:49:00
9078,1039,Billing,Yes,60529 Collier Lake Apt. 613,,Chapmanhaven,CO,52374,USA,885.816.060715,2023-06-16 20:49:00
9079,1040,Shipping,Yes,77997 Lin Road,,Edwardland,NJ,58462,USA,+1-418-483-5523,2023-01-29 11:52:00
9080,1040,Billing,Yes,77997 Lin Road,,Edwardland,NJ,58462,USA,+1-418-483-5523,2023-01-29 11:52:00
9081,1041,Shipping,Yes,9782 Shannon Valleys,,Toniland,NY,85190,USA,200.954.119986,2023-01-17 20:20:00
9082,1041,Billing,Yes,9782 Shannon Valleys,,Toniland,NY,85190,USA,200.954.119986,2023-01-17 20:20:00
9083,1042,Shipping,Yes,4925 Brandi Divide Suite 462,,West Angelicamouth,GU,17251,USA,+1-725-354-6659,2023-07-25 12:04:00
9084,1042,Billing,Yes,4925 Brandi Divide Suite 462,,West Angelicamouth,GU,17251,USA,+1-725-354-6659,2023-07-25 12:04:00
9085,1043,Shipping,Yes,1888 Ebony Wells,,New Nicholas,GA,24204,USA,4544235733,2023-04-19 17:56:00
9086,1043,Billing,Yes,1888 Ebony Wells,,New Nicholas,GA,24204,USA,4544235733,2023-04-19 17:56:00
9087,1044,Shipping,Yes,8862 Laurie Dam Suite 075,,Lake Meghanville,LA,11494,USA,+1-937-994-7383,2023-06-11 11:41:00
9088,1044,Billing,Yes,8862 Laurie Dam Suite 075,,Lake Meghanville,LA,11494,USA,+1-937-994-7383,2023-06-11 11:41:00
9089,1045,Shipping,Yes,52204 Horton Dam Suite 790,,North Jonathanberg,OH,95821,USA,550.260.685361,2023-09-13 14:56:00
9090,1045,Billing,Yes,52204 Horton Dam Suite 790,,North Jonathanberg,OH,95821,USA,550.260.685361,2023-09-13 14:56:00
9091,1046,Shipping,Yes,96218 Jones Pine Apt. 670,,Zavalaview,WA,02629,USA,(897)211-79808,2023-11-26 15:09:00
9092,1046,Billing,Yes,96218 Jones Pine Apt. 670,,Zavalaview,WA,02629,USA,(897)211-79808,2023-11-26 15:09:00
9093,1047,Shipping,Yes,03054 Hays Plains Suite 403,,Michaelton,VI,86449,USA,001-952-205-852,2023-05-16 10:15:00
9094,1047,Billing,Yes,03054 Hays Plains Suite 403,,Michaelton,VI,86449,USA,001-952-205-852,2023-05-16 10:15:00
9095,1048,Shipping,Yes,54479 Jackson Mills,,Sergiostad,RI,57509,USA,627-775-841616,2023-10-15 16:16:00
9096,1048,Billing,Yes,54479 Jackson Mills,,Sergiostad,RI,57509,USA,627-775-841616,2023-10-15 16:16:00
9097,1049,Shipping,Yes,5719 Alyssa Locks Suite 431,,Lake Jacobhaven,MS,74120,USA,220.429.702135,2023-10-27 14:57:00
9098,1049,Billing,Yes,5719 Alyssa Locks Suite 431,,Lake Jacobhaven,MS,74120,USA,220.429.702135,2023-10-27 14:57:00
9099,1050,Shipping,Yes,25831 Laura Freeway Suite 058,,Tannerside,DC,80710,USA,001-373-612-172,2023-10-26 14:23:00
9100,1050,Billing,Yes,25831 Laura Freeway Suite 058,,Tannerside,DC,80710,USA,001-373-612-172,2023-10-26 14:23:00
9101,1051,Shipping,Yes,018 Kevin Estates Suite 358,,Meghanview,ID,83739,USA,466.491.251778,2023-04-23 10:32:00
9102,1051,Billing,Yes,018 Kevin Estates Suite 358,,Meghanview,ID,83739,USA,466.491.251778,2023-04-23 10:32:00
9103,1052,Shipping,Yes,94396 Tyler Road,,Dawnport,NJ,32597,USA,(299)222-9959,2023-09-10 09:48:00
9104,1052,Billing,Yes,94396 Tyler Road,,Dawnport,NJ,32597,USA,(299)222-9959,2023-09-10 09:48:00
9105,1053,Shipping,Yes,1473 Colin Highway,,Linchester,IA,21433,USA,(377)735-92555,2023-01-25 09:09:00
9106,1053,Billing,Yes,1473 Colin Highway,,Linchester,IA,21433,USA,(377)735-92555,2023-01-25 09:09:00
9107,1054,Shipping,Yes,7974 Melanie Meadows,,West Jessica,WV,53356,USA,774.270.168733,2023-11-18 10:50:00
9108,1054,Billing,Yes,7974 Melanie Meadows,,West Jessica,WV,53356,USA,774.270.168733,2023-11-18 10:50:00
9109,1055,Shipping,Yes,000 Jennifer Unions Suite 872,,West Sarah,MD,21800,USA,478.549.912165,2023-12-15 14:38:00
9110,1055,Billing,Yes,000 Jennifer Unions Suite 872,,West Sarah,MD,21800,USA,478.549.912165,2023-12-15 14:38:00
9111,1056,Shipping,Yes,097 Alexandria Stravenue,,Hernandezbury,AZ,75548,USA,994.670.551694,2023-02-02 14:24:00
9112,1056,Billing,Yes,097 Alexandria Stravenue,,Hernandezbury,AZ,75548,USA,994.670.551694,2023-02-02 14:24:00
9113,1057,Shipping,Yes,78585 Bishop Fields Apt. 484,,West Kellie,VT,27669,USA,001-936-889-702,2023-11-02 15:33:00
9114,1057,Billing,Yes,78585 Bishop Fields Apt. 484,,West Kellie,VT,27669,USA,001-936-889-702,2023-11-02 15:33:00
9115,1058,Shipping,Yes,473 Maria Groves Suite 219,,East Brent,MH,70105,USA,341-798-665240,2023-05-09 16:55:00
9116,1058,Billing,Yes,473 Maria Groves Suite 219,,East Brent,MH,70105,USA,341-798-665240,2023-05-09 16:55:00
9117,1059,Shipping,Yes,2067 Sharon Well,,Nancytown,ME,74944,USA,+1-520-282-6773,2023-01-06 18:46:00
9118,1059,Billing,Yes,2067 Sharon Well,,Nancytown,ME,74944,USA,+1-520-282-6773,2023-01-06 18:46:00
9119,1060,Shipping,Yes,549 Gregory Walks,,Wilcoxhaven,MD,11869,USA,(687)443-1527,2023-02-28 18:56:00
9120,1060,Billing,Yes,549 Gregory Walks,,Wilcoxhaven,MD,11869,USA,(687)443-1527,2023-02-28 18:56:00
9121,1061,Shipping,Yes,4268 Vaughn Route,,Michaelbury,IN,18008,USA,563-274-549904,2023-10-02 20:17:00
9122,1061,Billing,Yes,4268 Vaughn Route,,Michaelbury,IN,18008,USA,563-274-549904,2023-10-02 20:17:00
9123,1062,Shipping,Yes,8713 Davis Pass,,Stokesmouth,DC,67773,USA,+1-533-491-8785,2023-11-25 13:07:00
9124,1062,Billing,Yes,8713 Davis Pass,,Stokesmouth,DC,67773,USA,+1-533-491-8785,2023-11-25 13:07:00
9125,1063,Shipping,Yes,70462 Katie Stream,,Brooksfurt,NV,49980,USA,7643039106,2023-05-31 14:10:00
9126,1063,Billing,Yes,70462 Katie Stream,,Brooksfurt,NV,49980,USA,7643039106,2023-05-31 14:10:00
9127,1064,Shipping,Yes,75243 Antonio Shore,,Mendeztown,IA,27512,USA,+1-868-823-0047,2023-08-21 08:46:00
9128,1064,Billing,Yes,75243 Antonio Shore,,Mendeztown,IA,27512,USA,+1-868-823-0047,2023-08-21 08:46:00
9129,1065,Shipping,Yes,953 Walter Shore Apt. 644,,New Stacyburgh,SC,89466,USA,606.573.8302,2023-05-15 16:48:00
9130,1065,Billing,Yes,953 Walter Shore Apt. 644,,New Stacyburgh,SC,89466,USA,606.573.8302,2023-05-15 16:48:00
9131,1066,Shipping,Yes,668 Paul Glens,,West Deborah,NV,49138,USA,001-466-924-628,2023-04-02 16:58:00
9132,1066,Billing,Yes,668 Paul Glens,,West Deborah,NV,49138,USA,001-466-924-628,2023-04-02 16:58:00
9133,1067,Shipping,Yes,739 Randy Garden,,Kimberlyfurt,NH,70447,USA,+1-501-539-8373,2023-02-24 18:19:00
9134,1067,Billing,Yes,739 Randy Garden,,Kimberlyfurt,NH,70447,USA,+1-501-539-8373,2023-02-24 18:19:00
9135,1068,Shipping,Yes,53693 Pierce Spur,,Jonathanfort,VA,84609,USA,001-875-635-560,2023-11-24 16:38:00
9136,1068,Billing,Yes,53693 Pierce Spur,,Jonathanfort,VA,84609,USA,001-875-635-560,2023-11-24 16:38:00
9137,1069,Shipping,Yes,38750 Hopkins Brook,,New Andreatown,AK,69892,USA,+1-508-301-0062,2023-04-12 10:23:00
9138,1069,Billing,Yes,38750 Hopkins Brook,,New Andreatown,AK,69892,USA,+1-508-301-0062,2023-04-12 10:23:00
9139,1070,Shipping,Yes,6793 Kevin Views,,Lake Victoriaton,CO,53621,USA,682-833-9845,2023-03-24 16:49:00
9140,1070,Billing,Yes,6793 Kevin Views,,Lake Victoriaton,CO,53621,USA,682-833-9845,2023-03-24 16:49:00
9141,1071,Shipping,Yes,50392 Hickman Hills,,New John,MP,51508,USA,365.691.803397,2023-09-29 08:38:00
9142,1071,Billing,Yes,50392 Hickman Hills,,New John,MP,51508,USA,365.691.803397,2023-09-29 08:38:00
9143,1072,Shipping,Yes,477 Michael Lane,,Lopezshire,TN,50317,USA,001-818-750-163,2023-06-15 15:01:00
9144,1072,Billing,Yes,477 Michael Lane,,Lopezshire,TN,50317,USA,001-818-750-163,2023-06-15 15:01:00
9145,1073,Shipping,Yes,7888 Garcia Corners,,Angelamouth,VI,50994,USA,(426)355-11047,2023-02-27 13:56:00
9146,1073,Billing,Yes,7888 Garcia Corners,,Angelamouth,VI,50994,USA,(426)355-11047,2023-02-27 13:56:00
9147,1074,Shipping,Yes,64647 Michael Gateway,,Wheelerborough,NH,14522,USA,001-982-462-244,2023-06-07 11:03:00
9148,1074,Billing,Yes,64647 Michael Gateway,,Wheelerborough,NH,14522,USA,001-982-462-244,2023-06-07 11:03:00
9149,1075,Shipping,Yes,356 Velasquez Lock Suite 193,,Lake Katrina,AK,95818,USA,775-669-245937,2023-05-04 17:05:00
9150,1075,Billing,Yes,356 Velasquez Lock Suite 193,,Lake Katrina,AK,95818,USA,775-669-245937,2023-05-04 17:05:00
9151,1076,Shipping,Yes,8911 Diane Knoll,,Lake Cheyenne,OK,85046,USA,(872)843-42661,2023-02-13 19:31:00
9152,1076,Billing,Yes,8911 Diane Knoll,,Lake Cheyenne,OK,85046,USA,(872)843-42661,2023-02-13 19:31:00
9153,1077,Shipping,Yes,9825 Timothy Hill Suite 112,,Larrymouth,WY,27615,USA,943-788-8993,2023-02-05 20:34:00
9154,1077,Billing,Yes,9825 Timothy Hill Suite 112,,Larrymouth,WY,27615,USA,943-788-8993,2023-02-05 20:34:00
9155,1078,Shipping,Yes,673 Soto Ferry Suite 609,,South Brittany,MS,01084,USA,440-410-5123,2023-03-06 10:42:00
9156,1078,Billing,Yes,673 Soto Ferry Suite 609,,South Brittany,MS,01084,USA,440-410-5123,2023-03-06 10:42:00
9157,1079,Shipping,Yes,155 Williamson Via Suite 991,,West David,ME,15829,USA,(755)837-1478,2023-09-01 16:10:00
9158,1079,Billing,Yes,155 Williamson Via Suite 991,,West David,ME,15829,USA,(755)837-1478,2023-09-01 16:10:00
9159,1080,Shipping,Yes,72368 Ortiz Overpass Suite 772,,New Anthonybury,LA,04786,USA,(962)278-28274,2023-05-16 16:55:00
9160,1080,Billing,Yes,72368 Ortiz Overpass Suite 772,,New Anthonybury,LA,04786,USA,(962)278-28274,2023-05-16 16:55:00
9161,1081,Shipping,Yes,1340 Baker Wall,,South Michelleville,WI,31557,USA,+1-281-991-4858,2023-11-07 14:13:00
9162,1081,Billing,Yes,1340 Baker Wall,,South Michelleville,WI,31557,USA,+1-281-991-4858,2023-11-07 14:13:00
9163,1082,Shipping,Yes,481 Sydney Turnpike Suite 042,,East Dustin,MD,32948,USA,+1-723-630-9584,2023-10-04 20:46:00
9164,1082,Billing,Yes,481 Sydney Turnpike Suite 042,,East Dustin,MD,32948,USA,+1-723-630-9584,2023-10-04 20:46:00
9165,1083,Shipping,Yes,518 Robinson Meadow Apt. 745,,Matthewshire,DC,74706,USA,+1-266-371-1684,2023-12-20 11:45:00
9166,1083,Billing,Yes,518 Robinson Meadow Apt. 745,,Matthewshire,DC,74706,USA,+1-266-371-1684,2023-12-20 11:45:00
9167,1084,Shipping,Yes,54152 Randy Inlet Apt. 611,,East Thomasberg,OR,30148,USA,6124770632,2023-06-09 14:42:00
9168,1084,Billing,Yes,54152 Randy Inlet Apt. 611,,East Thomasberg,OR,30148,USA,6124770632,2023-06-09 14:42:00
9169,1085,Shipping,Yes,218 Chelsey Expressway,,Bellborough,SC,98578,USA,001-427-813-611,2023-11-29 13:28:00
9170,1085,Billing,Yes,218 Chelsey Expressway,,Bellborough,SC,98578,USA,001-427-813-611,2023-11-29 13:28:00
9171,1086,Shipping,Yes,999 Maxwell Spurs,,Port Melanieport,IL,68363,USA,(619)365-6523,2023-09-22 15:07:00
9172,1086,Billing,Yes,999 Maxwell Spurs,,Port Melanieport,IL,68363,USA,(619)365-6523,2023-09-22 15:07:00
9173,1087,Shipping,Yes,1091 Jose Canyon,,Port Raymondport,SC,93906,USA,861.737.918055,2023-05-07 11:04:00
9174,1087,Billing,Yes,1091 Jose Canyon,,Port Raymondport,SC,93906,USA,861.737.918055,2023-05-07 11:04:00
9175,1088,Shipping,Yes,303 Sandy Crescent Suite 990,,Elizabethburgh,DE,02161,USA,+1-324-614-1832,2023-06-23 08:37:00
9176,1088,Billing,Yes,303 Sandy Crescent Suite 990,,Elizabethburgh,DE,02161,USA,+1-324-614-1832,2023-06-23 08:37:00
9177,1089,Shipping,Yes,8507 Michael Glens Apt. 913,,North Micheletown,IA,06527,USA,001-642-352-410,2023-10-11 11:37:00
9178,1089,Billing,Yes,8507 Michael Glens Apt. 913,,North Micheletown,IA,06527,USA,001-642-352-410,2023-10-11 11:37:00
9179,1090,Shipping,Yes,38061 Cline Trail,,Markside,NH,01545,USA,+1-763-353-6541,2023-04-23 08:04:00
9180,1090,Billing,Yes,38061 Cline Trail,,Markside,NH,01545,USA,+1-763-353-6541,2023-04-23 08:04:00
9181,1091,Shipping,Yes,0641 Alyssa Freeway,,Vasquezton,FL,93778,USA,001-573-783-206,2023-12-29 18:03:00
9182,1091,Billing,Yes,0641 Alyssa Freeway,,Vasquezton,FL,93778,USA,001-573-783-206,2023-12-29 18:03:00
9183,1092,Shipping,Yes,4565 Chavez Fort,,East Derekshire,CT,20870,USA,(871)491-82619,2023-04-28 09:57:00
9184,1092,Billing,Yes,4565 Chavez Fort,,East Derekshire,CT,20870,USA,(871)491-82619,2023-04-28 09:57:00
9185,1093,Shipping,Yes,6804 Wilkins Extensions,,South Melissaside,WA,72606,USA,447.341.124903,2023-01-17 13:04:00
9186,1093,Billing,Yes,6804 Wilkins Extensions,,South Melissaside,WA,72606,USA,447.341.124903,2023-01-17 13:04:00
9187,1094,Shipping,Yes,721 Martinez Mountain,,East Sandrachester,GU,95453,USA,(236)351-9941,2023-09-21 11:17:00
9188,1094,Billing,Yes,721 Martinez Mountain,,East Sandrachester,GU,95453,USA,(236)351-9941,2023-09-21 11:17:00
9189,1095,Shipping,Yes,6263 Crystal Unions,,South Kimberlystad,NJ,71872,USA,947-220-999347,2023-12-09 15:13:00
9190,1095,Billing,Yes,6263 Crystal Unions,,South Kimberlystad,NJ,71872,USA,947-220-999347,2023-12-09 15:13:00
9191,1096,Shipping,Yes,039 Kelly Villages Apt. 239,,Lindastad,PW,78038,USA,+1-530-540-7859,2023-10-04 10:46:00
9192,1096,Billing,Yes,039 Kelly Villages Apt. 239,,Lindastad,PW,78038,USA,+1-530-540-7859,2023-10-04 10:46:00
9193,1097,Shipping,Yes,59325 Samantha Vista Suite 002,,Port Daniel,NC,48327,USA,+1-542-270-1039,2023-10-20 17:30:00
9194,1097,Billing,Yes,59325 Samantha Vista Suite 002,,Port Daniel,NC,48327,USA,+1-542-270-1039,2023-10-20 17:30:00
9195,1098,Shipping,Yes,09690 Carrie Valleys,,Lake Ariana,NM,18935,USA,622-667-528953,2023-05-05 20:30:00
9196,1098,Billing,Yes,09690 Carrie Valleys,,Lake Ariana,NM,18935,USA,622-667-528953,2023-05-05 20:30:00
9197,1099,Shipping,Yes,7658 Garcia Neck,,East Shannon,AS,04880,USA,+1-957-804-3315,2023-07-28 11:06:00
9198,1099,Billing,Yes,7658 Garcia Neck,,East Shannon,AS,04880,USA,+1-957-804-3315,2023-07-28 11:06:00
9199,1100,Shipping,Yes,01533 Terry Stravenue Suite 443,,North Philipside,MP,64850,USA,(818)415-9970,2023-02-19 18:27:00
9200,1100,Billing,Yes,01533 Terry Stravenue Suite 443,,North Philipside,MP,64850,USA,(818)415-9970,2023-02-19 18:27:00
9201,1101,Shipping,Yes,418 Lopez Light Suite 270,,Scottview,IN,35701,USA,+1-873-910-3241,2023-07-01 14:26:00
9202,1101,Billing,Yes,418 Lopez Light Suite 270,,Scottview,IN,35701,USA,+1-873-910-3241,2023-07-01 14:26:00
9203,1102,Shipping,Yes,989 David Throughway,,Thompsonburgh,IL,25761,USA,(393)880-68687,2023-08-28 19:03:00
9204,1102,Billing,Yes,989 David Throughway,,Thompsonburgh,IL,25761,USA,(393)880-68687,2023-08-28 19:03:00
9205,1103,Shipping,Yes,62299 Sara Port Apt. 485,,Bakerfort,OK,80318,USA,+1-945-211-6868,2023-12-11 18:41:00
9206,1103,Billing,Yes,62299 Sara Port Apt. 485,,Bakerfort,OK,80318,USA,+1-945-211-6868,2023-12-11 18:41:00
9207,1104,Shipping,Yes,1324 Schroeder Islands Suite 691,,South Jason,GU,53869,USA,001-660-665-307,2023-02-20 08:25:00
9208,1104,Billing,Yes,1324 Schroeder Islands Suite 691,,South Jason,GU,53869,USA,001-660-665-307,2023-02-20 08:25:00
9209,1105,Shipping,Yes,345 Wagner Roads Apt. 035,,Wheelerburgh,VI,62705,USA,986-228-902330,2023-06-23 20:55:00
9210,1105,Billing,Yes,345 Wagner Roads Apt. 035,,Wheelerburgh,VI,62705,USA,986-228-902330,2023-06-23 20:55:00
9211,1106,Shipping,Yes,680 Thomas Curve Apt. 903,,Charleneport,VT,93479,USA,540-560-2933,2023-02-25 11:12:00
9212,1106,Billing,Yes,680 Thomas Curve Apt. 903,,Charleneport,VT,93479,USA,540-560-2933,2023-02-25 11:12:00
9213,1107,Shipping,Yes,171 Mcneil Route Suite 444,,East Zachary,IA,07942,USA,774.689.6910,2023-04-08 16:28:00
9214,1107,Billing,Yes,171 Mcneil Route Suite 444,,East Zachary,IA,07942,USA,774.689.6910,2023-04-08 16:28:00
9215,1108,Shipping,Yes,428 Kelly Mountains Apt. 482,,Destinybury,MI,29773,USA,001-507-944-666,2023-03-13 14:11:00
9216,1108,Billing,Yes,428 Kelly Mountains Apt. 482,,Destinybury,MI,29773,USA,001-507-944-666,2023-03-13 14:11:00
9217,1109,Shipping,Yes,0223 Ortiz Port Suite 252,,South Marvinburgh,MD,83666,USA,370-899-9173,2023-05-23 15:15:00
9218,1109,Billing,Yes,0223 Ortiz Port Suite 252,,South Marvinburgh,MD,83666,USA,370-899-9173,2023-05-23 15:15:00
9219,1110,Shipping,Yes,8300 Jeremy Wells,,Larryville,MS,66474,USA,512.796.666760,2023-02-08 15:51:00
9220,1110,Billing,Yes,8300 Jeremy Wells,,Larryville,MS,66474,USA,512.796.666760,2023-02-08 15:51:00
9221,1111,Shipping,Yes,098 David Station,,South Nancyview,WI,70589,USA,598.456.257532,2023-10-09 09:03:00
9222,1111,Billing,Yes,098 David Station,,South Nancyview,WI,70589,USA,598.456.257532,2023-10-09 09:03:00
9223,1112,Shipping,Yes,6184 Robert Cove,,West Danielville,NM,26538,USA,4165761847,2023-11-30 16:53:00
9224,1112,Billing,Yes,6184 Robert Cove,,West Danielville,NM,26538,USA,4165761847,2023-11-30 16:53:00
9225,1113,Shipping,Yes,18114 Stephen Hill Suite 701,,Port Benjamin,LA,47715,USA,3873375300,2023-01-08 09:59:00
9226,1113,Billing,Yes,18114 Stephen Hill Suite 701,,Port Benjamin,LA,47715,USA,3873375300,2023-01-08 09:59:00
9227,1114,Shipping,Yes,66746 Marsh Run,,North David,VA,08187,USA,7227557941,2023-05-02 10:26:00
9228,1114,Billing,Yes,66746 Marsh Run,,North David,VA,08187,USA,7227557941,2023-05-02 10:26:00
9229,1115,Shipping,Yes,508 Tiffany Skyway Suite 889,,South Dorothybury,NJ,45819,USA,+1-272-396-5902,2023-09-06 15:13:00
9230,1115,Billing,Yes,508 Tiffany Skyway Suite 889,,South Dorothybury,NJ,45819,USA,+1-272-396-5902,2023-09-06 15:13:00
9231,1116,Shipping,Yes,0838 Powell Freeway Apt. 779,,Millerfort,NV,41927,USA,7025877217,2023-07-25 08:10:00
9232,1116,Billing,Yes,0838 Powell Freeway Apt. 779,,Millerfort,NV,41927,USA,7025877217,2023-07-25 08:10:00
9233,1117,Shipping,Yes,37589 Moran Lakes Suite 113,,West Michaelport,OH,68918,USA,+1-901-799-4883,2023-07-14 08:24:00
9234,1117,Billing,Yes,37589 Moran Lakes Suite 113,,West Michaelport,OH,68918,USA,+1-901-799-4883,2023-07-14 08:24:00
9235,1118,Shipping,Yes,917 Barrett Parkways,,South Adam,WA,06867,USA,001-361-849-331,2023-05-16 20:50:00
9236,1118,Billing,Yes,917 Barrett Parkways,,South Adam,WA,06867,USA,001-361-849-331,2023-05-16 20:50:00
9237,1119,Shipping,Yes,4722 Morrison Summit Suite 858,,East Jason,VT,38587,USA,001-592-621-699,2023-08-21 12:27:00
9238,1119,Billing,Yes,4722 Morrison Summit Suite 858,,East Jason,VT,38587,USA,001-592-621-699,2023-08-21 12:27:00
9239,1120,Shipping,Yes,00342 Vega Drive Apt. 438,,West Lisaville,RI,89043,USA,385.215.879968,2023-12-23 19:50:00
9240,1120,Billing,Yes,00342 Vega Drive Apt. 438,,West Lisaville,RI,89043,USA,385.215.879968,2023-12-23 19:50:00
9241,1121,Shipping,Yes,347 Tonya Club,,East Jill,DE,49941,USA,506-766-580043,2023-10-12 18:45:00
9242,1121,Billing,Yes,347 Tonya Club,,East Jill,DE,49941,USA,506-766-580043,2023-10-12 18:45:00
9243,1122,Shipping,Yes,81826 Davis Forges,,Lake Martin,MN,38980,USA,372-702-590947,2023-09-07 10:12:00
9244,1122,Billing,Yes,81826 Davis Forges,,Lake Martin,MN,38980,USA,372-702-590947,2023-09-07 10:12:00
9245,1123,Shipping,Yes,4840 Robertson Pass,,Tuckerport,MH,85898,USA,7158739930,2023-06-01 11:03:00
9246,1123,Billing,Yes,4840 Robertson Pass,,Tuckerport,MH,85898,USA,7158739930,2023-06-01 11:03:00
9247,1124,Shipping,Yes,75011 Gregory Glen,,New Lorraineview,MT,51361,USA,+1-801-333-6138,2023-10-24 19:34:00
9248,1124,Billing,Yes,75011 Gregory Glen,,New Lorraineview,MT,51361,USA,+1-801-333-6138,2023-10-24 19:34:00
9249,1125,Shipping,Yes,0728 Derek Lock Suite 245,,New Nancyberg,DE,05976,USA,+1-691-990-1581,2023-02-01 19:20:00
9250,1125,Billing,Yes,0728 Derek Lock Suite 245,,New Nancyberg,DE,05976,USA,+1-691-990-1581,2023-02-01 19:20:00
9251,1126,Shipping,Yes,814 John Flat Suite 552,,North Justin,CA,25863,USA,(436)282-22394,2023-01-30 08:37:00
9252,1126,Billing,Yes,814 John Flat Suite 552,,North Justin,CA,25863,USA,(436)282-22394,2023-01-30 08:37:00
9253,1127,Shipping,Yes,5478 Gregory Rest Apt. 428,,West Jessica,SC,10523,USA,(756)920-53364,2023-09-02 16:58:00
9254,1127,Billing,Yes,5478 Gregory Rest Apt. 428,,West Jessica,SC,10523,USA,(756)920-53364,2023-09-02 16:58:00
9255,1128,Shipping,Yes,78816 Shaw Shore Apt. 928,,South Erik,OK,74663,USA,808.548.8725,2023-09-29 10:03:00
9256,1128,Billing,Yes,78816 Shaw Shore Apt. 928,,South Erik,OK,74663,USA,808.548.8725,2023-09-29 10:03:00
9257,1129,Shipping,Yes,84498 Nicholas Lane Suite 918,,Nicholasbury,NC,53695,USA,001-273-214-530,2023-09-18 09:54:00
9258,1129,Billing,Yes,84498 Nicholas Lane Suite 918,,Nicholasbury,NC,53695,USA,001-273-214-530,2023-09-18 09:54:00
9259,1130,Shipping,Yes,1777 Brittany Rue Suite 030,,New Brittany,DC,83016,USA,327.523.184322,2023-04-06 09:38:00
9260,1130,Billing,Yes,1777 Brittany Rue Suite 030,,New Brittany,DC,83016,USA,327.523.184322,2023-04-06 09:38:00
9261,1131,Shipping,Yes,842 Nielsen Ranch,,East Nicholasberg,CT,02671,USA,869.490.413797,2023-02-04 18:55:00
9262,1131,Billing,Yes,842 Nielsen Ranch,,East Nicholasberg,CT,02671,USA,869.490.413797,2023-02-04 18:55:00
9263,1132,Shipping,Yes,686 Golden Square,,Perezfort,WY,50470,USA,(979)490-8811,2023-05-01 14:07:00
9264,1132,Billing,Yes,686 Golden Square,,Perezfort,WY,50470,USA,(979)490-8811,2023-05-01 14:07:00
9265,1133,Shipping,Yes,356 Rodriguez Meadow Suite 486,,Cherylfurt,WV,27199,USA,349-286-4300,2023-10-19 11:37:00
9266,1133,Billing,Yes,356 Rodriguez Meadow Suite 486,,Cherylfurt,WV,27199,USA,349-286-4300,2023-10-19 11:37:00
9267,1134,Shipping,Yes,60127 Davis Greens,,West Christopher,AZ,95461,USA,844.795.621372,2023-11-01 08:39:00
9268,1134,Billing,Yes,60127 Davis Greens,,West Christopher,AZ,95461,USA,844.795.621372,2023-11-01 08:39:00
9269,1135,Shipping,Yes,02146 Caldwell Lodge Apt. 801,,New Justinside,PW,76907,USA,+1-477-203-8430,2023-02-11 14:42:00
9270,1135,Billing,Yes,02146 Caldwell Lodge Apt. 801,,New Justinside,PW,76907,USA,+1-477-203-8430,2023-02-11 14:42:00
9271,1136,Shipping,Yes,489 Benson Lane,,Carrillomouth,WI,60643,USA,001-604-726-818,2023-10-26 17:33:00
9272,1136,Billing,Yes,489 Benson Lane,,Carrillomouth,WI,60643,USA,001-604-726-818,2023-10-26 17:33:00
9273,1137,Shipping,Yes,275 Robinson Ports,,Ianborough,NM,97115,USA,+1-833-756-5880,2023-06-11 12:13:00
9274,1137,Billing,Yes,275 Robinson Ports,,Ianborough,NM,97115,USA,+1-833-756-5880,2023-06-11 12:13:00
9275,1138,Shipping,Yes,2846 Karen Crossroad Apt. 867,,New Michaelburgh,NH,16277,USA,(721)911-79080,2023-12-09 19:20:00
9276,1138,Billing,Yes,2846 Karen Crossroad Apt. 867,,New Michaelburgh,NH,16277,USA,(721)911-79080,2023-12-09 19:20:00
9277,1139,Shipping,Yes,2763 Haynes Landing Suite 647,,New David,OK,90417,USA,655-994-2843,2023-05-03 12:25:00
9278,1139,Billing,Yes,2763 Haynes Landing Suite 647,,New David,OK,90417,USA,655-994-2843,2023-05-03 12:25:00
9279,1140,Shipping,Yes,8906 Hannah Circle Apt. 471,,Garnerview,MN,47727,USA,722.970.2672,2023-03-09 18:41:00
9280,1140,Billing,Yes,8906 Hannah Circle Apt. 471,,Garnerview,MN,47727,USA,722.970.2672,2023-03-09 18:41:00
9281,1141,Shipping,Yes,225 Welch Ports Suite 112,,Jeremymouth,SD,38689,USA,+1-893-699-8245,2023-06-03 15:20:00
9282,1141,Billing,Yes,225 Welch Ports Suite 112,,Jeremymouth,SD,38689,USA,+1-893-699-8245,2023-06-03 15:20:00
9283,1142,Shipping,Yes,17800 Warren Corner,,West Christineland,SD,51598,USA,001-498-876-220,2023-02-07 08:29:00
9284,1142,Billing,Yes,17800 Warren Corner,,West Christineland,SD,51598,USA,001-498-876-220,2023-02-07 08:29:00
9285,1143,Shipping,Yes,979 Mills Route,,Reginafort,ND,30271,USA,(900)455-7784,2023-11-15 17:06:00
9286,1143,Billing,Yes,979 Mills Route,,Reginafort,ND,30271,USA,(900)455-7784,2023-11-15 17:06:00
9287,1144,Shipping,Yes,4930 Lopez Points,,Fosterburgh,VT,97116,USA,9826547807,2023-02-07 16:13:00
9288,1144,Billing,Yes,4930 Lopez Points,,Fosterburgh,VT,97116,USA,9826547807,2023-02-07 16:13:00
9289,1145,Shipping,Yes,50208 Jacob Cove Suite 427,,East Christophertown,NM,28968,USA,994.648.463122,2023-09-17 12:08:00
9290,1145,Billing,Yes,50208 Jacob Cove Suite 427,,East Christophertown,NM,28968,USA,994.648.463122,2023-09-17 12:08:00
9291,1146,Shipping,Yes,6013 Wise Mills,,Lake Virginia,ID,60903,USA,9514204618,2023-06-28 09:56:00
9292,1146,Billing,Yes,6013 Wise Mills,,Lake Virginia,ID,60903,USA,9514204618,2023-06-28 09:56:00
9293,1147,Shipping,Yes,24916 Albert Canyon Suite 925,,East Ericland,TX,81588,USA,520-888-147435,2023-05-06 13:18:00
9294,1147,Billing,Yes,24916 Albert Canyon Suite 925,,East Ericland,TX,81588,USA,520-888-147435,2023-05-06 13:18:00
9295,1148,Shipping,Yes,2407 Hansen Plains Suite 392,,Mariomouth,KY,78971,USA,+1-512-273-5857,2023-03-22 15:53:00
9296,1148,Billing,Yes,2407 Hansen Plains Suite 392,,Mariomouth,KY,78971,USA,+1-512-273-5857,2023-03-22 15:53:00
9297,1149,Shipping,Yes,186 Alexandria Parks Apt. 945,,Davidsonville,CT,69077,USA,+1-757-508-6209,2023-10-06 19:19:00
9298,1149,Billing,Yes,186 Alexandria Parks Apt. 945,,Davidsonville,CT,69077,USA,+1-757-508-6209,2023-10-06 19:19:00
9299,1150,Shipping,Yes,71705 Short Underpass,,Port Christinahaven,AZ,96747,USA,531.309.678994,2023-11-10 20:41:00
9300,1150,Billing,Yes,71705 Short Underpass,,Port Christinahaven,AZ,96747,USA,531.309.678994,2023-11-10 20:41:00
9301,1151,Shipping,Yes,761 Laura Plaza Suite 852,,Mahoneymouth,OH,43054,USA,886.333.8392,2023-09-28 08:42:00
9302,1151,Billing,Yes,761 Laura Plaza Suite 852,,Mahoneymouth,OH,43054,USA,886.333.8392,2023-09-28 08:42:00
9303,1152,Shipping,Yes,049 Zachary Hollow,,West Traceyborough,PR,41776,USA,998.836.8457,2023-10-11 12:59:00
9304,1152,Billing,Yes,049 Zachary Hollow,,West Traceyborough,PR,41776,USA,998.836.8457,2023-10-11 12:59:00
9305,1153,Shipping,Yes,4196 Jessica Stream,,Lauraburgh,NM,90887,USA,001-721-507-522,2023-12-06 09:56:00
9306,1153,Billing,Yes,4196 Jessica Stream,,Lauraburgh,NM,90887,USA,001-721-507-522,2023-12-06 09:56:00
9307,1154,Shipping,Yes,48058 Mark Square Apt. 206,,Mullinsshire,NY,12308,USA,001-561-205-566,2023-03-10 12:07:00
9308,1154,Billing,Yes,48058 Mark Square Apt. 206,,Mullinsshire,NY,12308,USA,001-561-205-566,2023-03-10 12:07:00
9309,1155,Shipping,Yes,938 John Grove Suite 591,,Lake Robertstad,MI,25468,USA,590.986.416862,2023-02-24 19:35:00
9310,1155,Billing,Yes,938 John Grove Suite 591,,Lake Robertstad,MI,25468,USA,590.986.416862,2023-02-24 19:35:00
9311,1156,Shipping,Yes,0514 Ruiz Isle,,Lake Amanda,IL,72121,USA,+1-279-527-0335,2023-03-21 12:18:00
9312,1156,Billing,Yes,0514 Ruiz Isle,,Lake Amanda,IL,72121,USA,+1-279-527-0335,2023-03-21 12:18:00
9313,1157,Shipping,Yes,016 Alvarado Shoals Suite 104,,Hallfurt,NY,93521,USA,001-606-298-042,2023-11-06 11:45:00
9314,1157,Billing,Yes,016 Alvarado Shoals Suite 104,,Hallfurt,NY,93521,USA,001-606-298-042,2023-11-06 11:45:00
9315,1158,Shipping,Yes,554 Wendy Parkway Suite 046,,New Stacybury,FL,45299,USA,+1-400-238-4576,2023-06-25 11:43:00
9316,1158,Billing,Yes,554 Wendy Parkway Suite 046,,New Stacybury,FL,45299,USA,+1-400-238-4576,2023-06-25 11:43:00
9317,1159,Shipping,Yes,832 Barker Pine,,South Wendy,WI,19526,USA,+1-436-539-2649,2023-11-21 12:32:00
9318,1159,Billing,Yes,832 Barker Pine,,South Wendy,WI,19526,USA,+1-436-539-2649,2023-11-21 12:32:00
9319,1160,Shipping,Yes,12209 Obrien Ridge,,New Jesse,TX,03919,USA,925-620-5664,2023-09-08 12:57:00
9320,1160,Billing,Yes,12209 Obrien Ridge,,New Jesse,TX,03919,USA,925-620-5664,2023-09-08 12:57:00
9321,1161,Shipping,Yes,33127 Watts Way Suite 366,,New Jillfurt,VA,41513,USA,001-252-667-722,2023-01-27 09:40:00
9322,1161,Billing,Yes,33127 Watts Way Suite 366,,New Jillfurt,VA,41513,USA,001-252-667-722,2023-01-27 09:40:00
9323,1162,Shipping,Yes,4472 Phillips Center Apt. 771,,East Kimberlyside,DC,52021,USA,588.660.8680,2023-08-05 12:02:00
9324,1162,Billing,Yes,4472 Phillips Center Apt. 771,,East Kimberlyside,DC,52021,USA,588.660.8680,2023-08-05 12:02:00
9325,1163,Shipping,Yes,602 Cunningham Shoals Apt. 222,,South Kylemouth,LA,82611,USA,814.452.111751,2023-01-02 13:49:00
9326,1163,Billing,Yes,602 Cunningham Shoals Apt. 222,,South Kylemouth,LA,82611,USA,814.452.111751,2023-01-02 13:49:00
9327,1164,Shipping,Yes,903 Harvey Point,,North Jack,AR,86127,USA,877.980.973397,2023-03-08 18:16:00
9328,1164,Billing,Yes,903 Harvey Point,,North Jack,AR,86127,USA,877.980.973397,2023-03-08 18:16:00
9329,1165,Shipping,Yes,5561 Bridges Circles,,Thomasville,UT,36469,USA,710-216-224999,2023-03-24 19:28:00
9330,1165,Billing,Yes,5561 Bridges Circles,,Thomasville,UT,36469,USA,710-216-224999,2023-03-24 19:28:00
9331,1166,Shipping,Yes,978 Vasquez Falls,,Lake Kelly,ID,00708,USA,001-681-779-469,2023-10-10 19:27:00
9332,1166,Billing,Yes,978 Vasquez Falls,,Lake Kelly,ID,00708,USA,001-681-779-469,2023-10-10 19:27:00
9333,1167,Shipping,Yes,556 Marilyn Fields,,Marthafort,PW,62694,USA,(760)255-83034,2023-10-15 08:07:00
9334,1167,Billing,Yes,556 Marilyn Fields,,Marthafort,PW,62694,USA,(760)255-83034,2023-10-15 08:07:00
9335,1168,Shipping,Yes,0568 Ashley Loaf,,New Darryl,WY,99006,USA,776-308-495880,2023-02-08 19:57:00
9336,1168,Billing,Yes,0568 Ashley Loaf,,New Darryl,WY,99006,USA,776-308-495880,2023-02-08 19:57:00
9337,1169,Shipping,Yes,235 Oconnor Pine Suite 521,,East Jenny,NH,51302,USA,(974)238-42150,2023-03-18 16:02:00
9338,1169,Billing,Yes,235 Oconnor Pine Suite 521,,East Jenny,NH,51302,USA,(974)238-42150,2023-03-18 16:02:00
9339,1170,Shipping,Yes,34485 Lambert Groves Apt. 241,,New Anitaville,IL,71611,USA,657-501-8409,2023-07-09 17:35:00
9340,1170,Billing,Yes,34485 Lambert Groves Apt. 241,,New Anitaville,IL,71611,USA,657-501-8409,2023-07-09 17:35:00
9341,1171,Shipping,Yes,016 Christopher Lock Apt. 997,,Larryborough,VT,99906,USA,421.249.5870,2023-03-17 14:08:00
9342,1171,Billing,Yes,016 Christopher Lock Apt. 997,,Larryborough,VT,99906,USA,421.249.5870,2023-03-17 14:08:00
9343,1172,Shipping,Yes,7701 Rodriguez Neck Suite 245,,New Dakota,GU,94122,USA,817.447.733294,2023-01-22 12:23:00
9344,1172,Billing,Yes,7701 Rodriguez Neck Suite 245,,New Dakota,GU,94122,USA,817.447.733294,2023-01-22 12:23:00
9345,1173,Shipping,Yes,966 Stephens Freeway,,Lake Elizabeth,WA,93812,USA,001-363-793-827,2023-01-21 13:13:00
9346,1173,Billing,Yes,966 Stephens Freeway,,Lake Elizabeth,WA,93812,USA,001-363-793-827,2023-01-21 13:13:00
9347,1174,Shipping,Yes,29022 Schmidt Loaf,,Gonzalezmouth,ME,75248,USA,(946)219-1965,2023-12-16 11:42:00
9348,1174,Billing,Yes,29022 Schmidt Loaf,,Gonzalezmouth,ME,75248,USA,(946)219-1965,2023-12-16 11:42:00
9349,1175,Shipping,Yes,40369 Garrett Station Suite 666,,Lake Glenn,DC,25172,USA,001-209-286-240,2023-02-22 13:49:00
9350,1175,Billing,Yes,40369 Garrett Station Suite 666,,Lake Glenn,DC,25172,USA,001-209-286-240,2023-02-22 13:49:00
9351,1176,Shipping,Yes,9692 Hicks Plaza Suite 653,,South Cassandra,OK,65795,USA,(320)410-2762,2023-10-14 14:39:00
9352,1176,Billing,Yes,9692 Hicks Plaza Suite 653,,South Cassandra,OK,65795,USA,(320)410-2762,2023-10-14 14:39:00
9353,1177,Shipping,Yes,189 John Roads Apt. 894,,West Amandatown,NJ,60012,USA,4096751971,2023-03-21 11:55:00
9354,1177,Billing,Yes,189 John Roads Apt. 894,,West Amandatown,NJ,60012,USA,4096751971,2023-03-21 11:55:00
9355,1178,Shipping,Yes,7128 Melissa Harbors,,Davidview,KY,34180,USA,2946940792,2023-03-25 20:51:00
9356,1178,Billing,Yes,7128 Melissa Harbors,,Davidview,KY,34180,USA,2946940792,2023-03-25 20:51:00
9357,1179,Shipping,Yes,3723 Brown Greens Apt. 027,,Alvarezfort,WA,99123,USA,452.943.728051,2023-04-01 14:01:00
9358,1179,Billing,Yes,3723 Brown Greens Apt. 027,,Alvarezfort,WA,99123,USA,452.943.728051,2023-04-01 14:01:00
9359,1180,Shipping,Yes,49673 April Springs Apt. 580,,Port Carloschester,CT,69348,USA,(704)676-58018,2023-04-02 19:59:00
9360,1180,Billing,Yes,49673 April Springs Apt. 580,,Port Carloschester,CT,69348,USA,(704)676-58018,2023-04-02 19:59:00
9361,1181,Shipping,Yes,921 Jon Mountain Apt. 746,,Jonathanland,KY,08678,USA,3914093911,2023-06-20 20:59:00
9362,1181,Billing,Yes,921 Jon Mountain Apt. 746,,Jonathanland,KY,08678,USA,3914093911,2023-06-20 20:59:00
9363,1182,Shipping,Yes,410 Chad Stream Suite 707,,Lake Danielle,AZ,87612,USA,517.339.627128,2023-07-30 20:42:00
9364,1182,Billing,Yes,410 Chad Stream Suite 707,,Lake Danielle,AZ,87612,USA,517.339.627128,2023-07-30 20:42:00
9365,1183,Shipping,Yes,0158 Miller Mount Suite 328,,South Donnaport,UT,51632,USA,001-777-766-183,2023-05-08 12:10:00
9366,1183,Billing,Yes,0158 Miller Mount Suite 328,,South Donnaport,UT,51632,USA,001-777-766-183,2023-05-08 12:10:00
9367,1184,Shipping,Yes,05050 Wilson Valley Suite 829,,North Benjamin,FL,64581,USA,6309937618,2023-12-26 09:24:00
9368,1184,Billing,Yes,05050 Wilson Valley Suite 829,,North Benjamin,FL,64581,USA,6309937618,2023-12-26 09:24:00
9369,1185,Shipping,Yes,931 Ronald Valleys Suite 519,,West Mary,WY,28449,USA,(304)317-9291,2023-01-20 15:14:00
9370,1185,Billing,Yes,931 Ronald Valleys Suite 519,,West Mary,WY,28449,USA,(304)317-9291,2023-01-20 15:14:00
9371,1186,Shipping,Yes,71002 Jasmine Ramp,,Robertfort,UT,17133,USA,(358)827-3902,2023-04-13 15:22:00
9372,1186,Billing,Yes,71002 Jasmine Ramp,,Robertfort,UT,17133,USA,(358)827-3902,2023-04-13 15:22:00
9373,1187,Shipping,Yes,195 Steven Road,,West Brian,DE,20059,USA,001-509-527-914,2023-06-06 20:55:00
9374,1187,Billing,Yes,195 Steven Road,,West Brian,DE,20059,USA,001-509-527-914,2023-06-06 20:55:00
9375,1188,Shipping,Yes,082 Kristen Oval,,North Pattymouth,OR,76491,USA,9052436459,2023-04-27 11:01:00
9376,1188,Billing,Yes,082 Kristen Oval,,North Pattymouth,OR,76491,USA,9052436459,2023-04-27 11:01:00
9377,1189,Shipping,Yes,39726 Taylor Stravenue Apt. 543,,Davidshire,AR,37280,USA,936-236-3179,2023-12-04 11:25:00
9378,1189,Billing,Yes,39726 Taylor Stravenue Apt. 543,,Davidshire,AR,37280,USA,936-236-3179,2023-12-04 11:25:00
9379,1190,Shipping,Yes,97740 Fitzgerald Gateway Apt. 569,,New Sophia,PW,75697,USA,349.829.2983,2023-06-18 12:55:00
9380,1190,Billing,Yes,97740 Fitzgerald Gateway Apt. 569,,New Sophia,PW,75697,USA,349.829.2983,2023-06-18 12:55:00
9381,1191,Shipping,Yes,25431 Timothy Inlet Apt. 799,,South Stevenberg,VI,92662,USA,3682671773,2023-02-05 20:17:00
9382,1191,Billing,Yes,25431 Timothy Inlet Apt. 799,,South Stevenberg,VI,92662,USA,3682671773,2023-02-05 20:17:00
9383,1192,Shipping,Yes,16579 Michael Extensions Apt. 832,,Johnville,SD,63218,USA,001-758-204-649,2023-06-29 18:32:00
9384,1192,Billing,Yes,16579 Michael Extensions Apt. 832,,Johnville,SD,63218,USA,001-758-204-649,2023-06-29 18:32:00
9385,1193,Shipping,Yes,9513 Miller Lock Apt. 411,,West Daniel,FL,65555,USA,(348)964-01557,2023-07-24 18:53:00
9386,1193,Billing,Yes,9513 Miller Lock Apt. 411,,West Daniel,FL,65555,USA,(348)964-01557,2023-07-24 18:53:00
9387,1194,Shipping,Yes,9557 Ellis Port Apt. 424,,South Nathan,LA,06703,USA,(275)567-0431,2023-10-02 13:01:00
9388,1194,Billing,Yes,9557 Ellis Port Apt. 424,,South Nathan,LA,06703,USA,(275)567-0431,2023-10-02 13:01:00
9389,1195,Shipping,Yes,055 Nathan Plains,,New Kevin,PW,03767,USA,722-422-310592,2023-03-01 12:11:00
9390,1195,Billing,Yes,055 Nathan Plains,,New Kevin,PW,03767,USA,722-422-310592,2023-03-01 12:11:00
9391,1196,Shipping,Yes,702 Kyle Locks,,South Michael,MD,07714,USA,9887547492,2023-10-25 12:02:00
9392,1196,Billing,Yes,702 Kyle Locks,,South Michael,MD,07714,USA,9887547492,2023-10-25 12:02:00
9393,1197,Shipping,Yes,2656 Smith Key Suite 478,,East Jessicamouth,WA,54975,USA,7182718637,2023-02-25 17:27:00
9394,1197,Billing,Yes,2656 Smith Key Suite 478,,East Jessicamouth,WA,54975,USA,7182718637,2023-02-25 17:27:00
9395,1198,Shipping,Yes,64628 Page Throughway,,East Jacob,MS,38441,USA,001-391-823-478,2023-06-26 19:50:00
9396,1198,Billing,Yes,64628 Page Throughway,,East Jacob,MS,38441,USA,001-391-823-478,2023-06-26 19:50:00
9397,1199,Shipping,Yes,47195 Cunningham Ways,,Courtneyfort,UT,16175,USA,001-973-500-244,2023-06-10 14:38:00
9398,1199,Billing,Yes,47195 Cunningham Ways,,Courtneyfort,UT,16175,USA,001-973-500-244,2023-06-10 14:38:00
9399,1200,Shipping,Yes,4818 Katie Falls,,New Karenside,MD,41947,USA,(857)725-2045,2023-09-19 09:24:00
9400,1200,Billing,Yes,4818 Katie Falls,,New Karenside,MD,41947,USA,(857)725-2045,2023-09-19 09:24:00
9401,1201,Shipping,Yes,32833 Robert Club,,Port Davidtown,NJ,46141,USA,001-852-702-845,2023-10-23 11:16:00
9402,1201,Billing,Yes,32833 Robert Club,,Port Davidtown,NJ,46141,USA,001-852-702-845,2023-10-23 11:16:00
9403,1202,Shipping,Yes,07603 Antonio Shoals,,South Davidview,AZ,09184,USA,001-352-840-132,2023-01-23 19:27:00
9404,1202,Billing,Yes,07603 Antonio Shoals,,South Davidview,AZ,09184,USA,001-352-840-132,2023-01-23 19:27:00
9405,1203,Shipping,Yes,938 Cory Prairie,,New Jayborough,LA,23015,USA,001-732-750-124,2023-01-01 16:59:00
9406,1203,Billing,Yes,938 Cory Prairie,,New Jayborough,LA,23015,USA,001-732-750-124,2023-01-01 16:59:00
9407,1204,Shipping,Yes,71827 Bush Point Apt. 157,,South Justinport,TX,58691,USA,859.327.125663,2023-10-03 18:46:00
9408,1204,Billing,Yes,71827 Bush Point Apt. 157,,South Justinport,TX,58691,USA,859.327.125663,2023-10-03 18:46:00
9409,1205,Shipping,Yes,3539 Martinez Villages,,Hardyview,WV,94020,USA,+1-352-407-1678,2023-12-10 11:23:00
9410,1205,Billing,Yes,3539 Martinez Villages,,Hardyview,WV,94020,USA,+1-352-407-1678,2023-12-10 11:23:00
9411,1206,Shipping,Yes,70269 Hernandez Road,,Port Charleshaven,WI,65013,USA,(278)342-71147,2023-08-09 09:42:00
9412,1206,Billing,Yes,70269 Hernandez Road,,Port Charleshaven,WI,65013,USA,(278)342-71147,2023-08-09 09:42:00
9413,1207,Shipping,Yes,276 Larry Loaf Suite 197,,Alvarezburgh,NY,07806,USA,288-400-616756,2023-06-19 17:20:00
9414,1207,Billing,Yes,276 Larry Loaf Suite 197,,Alvarezburgh,NY,07806,USA,288-400-616756,2023-06-19 17:20:00
9415,1208,Shipping,Yes,0333 Watkins Spurs Apt. 415,,North Amanda,AZ,60913,USA,700-790-255905,2023-12-06 09:46:00
9416,1208,Billing,Yes,0333 Watkins Spurs Apt. 415,,North Amanda,AZ,60913,USA,700-790-255905,2023-12-06 09:46:00
9417,1209,Shipping,Yes,7852 Cox Mews,,South Cynthia,WY,10373,USA,001-905-369-659,2023-06-03 16:19:00
9418,1209,Billing,Yes,7852 Cox Mews,,South Cynthia,WY,10373,USA,001-905-369-659,2023-06-03 16:19:00
9419,1210,Shipping,Yes,1484 Alvarado Island,,South Richard,RI,68051,USA,991.891.9541,2023-12-08 14:20:00
9420,1210,Billing,Yes,1484 Alvarado Island,,South Richard,RI,68051,USA,991.891.9541,2023-12-08 14:20:00
9421,1211,Shipping,Yes,2324 Jenkins Wall Apt. 364,,Debbieview,TX,79305,USA,(297)537-4896,2023-07-26 19:18:00
9422,1211,Billing,Yes,2324 Jenkins Wall Apt. 364,,Debbieview,TX,79305,USA,(297)537-4896,2023-07-26 19:18:00
9423,1212,Shipping,Yes,700 Lee Hills,,South Pennyland,MO,95427,USA,678.466.032420,2023-10-11 10:12:00
9424,1212,Billing,Yes,700 Lee Hills,,South Pennyland,MO,95427,USA,678.466.032420,2023-10-11 10:12:00
9425,1213,Shipping,Yes,34764 Tracy Landing,,West Amyfort,TX,32790,USA,571-439-155963,2023-08-04 18:24:00
9426,1213,Billing,Yes,34764 Tracy Landing,,West Amyfort,TX,32790,USA,571-439-155963,2023-08-04 18:24:00
9427,1214,Shipping,Yes,6064 Davis View,,West Jason,FM,21502,USA,7903034864,2023-12-13 19:57:00
9428,1214,Billing,Yes,6064 Davis View,,West Jason,FM,21502,USA,7903034864,2023-12-13 19:57:00
9429,1215,Shipping,Yes,27206 Courtney Island,,North Erichaven,VT,85590,USA,001-777-965-612,2023-03-31 17:36:00
9430,1215,Billing,Yes,27206 Courtney Island,,North Erichaven,VT,85590,USA,001-777-965-612,2023-03-31 17:36:00
9431,1216,Shipping,Yes,89317 Jose Walk,,North Richard,NE,79195,USA,824.529.543165,2023-06-04 14:35:00
9432,1216,Billing,Yes,89317 Jose Walk,,North Richard,NE,79195,USA,824.529.543165,2023-06-04 14:35:00
9433,1217,Shipping,Yes,93436 Ricky Drive Apt. 443,,Solomonstad,OR,90189,USA,001-886-477-133,2023-01-01 12:18:00
9434,1217,Billing,Yes,93436 Ricky Drive Apt. 443,,Solomonstad,OR,90189,USA,001-886-477-133,2023-01-01 12:18:00
9435,1218,Shipping,Yes,48964 Lambert Curve,,New Harryburgh,NY,65098,USA,(936)769-41180,2023-04-18 14:50:00
9436,1218,Billing,Yes,48964 Lambert Curve,,New Harryburgh,NY,65098,USA,(936)769-41180,2023-04-18 14:50:00
9437,1219,Shipping,Yes,485 Stafford Island Suite 287,,East Edgarbury,HI,05201,USA,(841)650-2745,2023-10-24 17:41:00
9438,1219,Billing,Yes,485 Stafford Island Suite 287,,East Edgarbury,HI,05201,USA,(841)650-2745,2023-10-24 17:41:00
9439,1220,Shipping,Yes,849 Brandy Avenue,,South Samantha,IA,65789,USA,658.477.712151,2023-06-14 15:28:00
9440,1220,Billing,Yes,849 Brandy Avenue,,South Samantha,IA,65789,USA,658.477.712151,2023-06-14 15:28:00
9441,1221,Shipping,Yes,975 Jason Causeway,,Marcuston,WA,09770,USA,(259)715-20177,2023-08-15 18:13:00
9442,1221,Billing,Yes,975 Jason Causeway,,Marcuston,WA,09770,USA,(259)715-20177,2023-08-15 18:13:00
9443,1222,Shipping,Yes,492 Wade Village Suite 837,,Mcclurefort,KY,74302,USA,603-926-6421,2023-09-19 15:50:00
9444,1222,Billing,Yes,492 Wade Village Suite 837,,Mcclurefort,KY,74302,USA,603-926-6421,2023-09-19 15:50:00
9445,1223,Shipping,Yes,4224 Alexandra Hill,,New Charleston,NY,14608,USA,(961)808-57327,2023-03-28 18:05:00
9446,1223,Billing,Yes,4224 Alexandra Hill,,New Charleston,NY,14608,USA,(961)808-57327,2023-03-28 18:05:00
9447,1224,Shipping,Yes,9779 Peterson Well Apt. 321,,Monicaville,NE,70542,USA,(349)818-01722,2023-05-26 16:42:00
9448,1224,Billing,Yes,9779 Peterson Well Apt. 321,,Monicaville,NE,70542,USA,(349)818-01722,2023-05-26 16:42:00
9449,1225,Shipping,Yes,303 Wong Run,,South Megan,PR,71094,USA,(597)349-95641,2023-11-21 17:21:00
9450,1225,Billing,Yes,303 Wong Run,,South Megan,PR,71094,USA,(597)349-95641,2023-11-21 17:21:00
9451,1226,Shipping,Yes,605 Curtis Vista Suite 679,,Benjaminfurt,NM,67787,USA,522-577-7079,2023-02-17 20:15:00
9452,1226,Billing,Yes,605 Curtis Vista Suite 679,,Benjaminfurt,NM,67787,USA,522-577-7079,2023-02-17 20:15:00
9453,1227,Shipping,Yes,6024 Taylor Mill Apt. 839,,Sandramouth,DC,38956,USA,3699581467,2023-12-11 12:14:00
9454,1227,Billing,Yes,6024 Taylor Mill Apt. 839,,Sandramouth,DC,38956,USA,3699581467,2023-12-11 12:14:00
9455,1228,Shipping,Yes,4338 Yvette Knolls Suite 522,,Port Brycechester,DE,81446,USA,001-957-329-341,2023-04-12 10:01:00
9456,1228,Billing,Yes,4338 Yvette Knolls Suite 522,,Port Brycechester,DE,81446,USA,001-957-329-341,2023-04-12 10:01:00
9457,1229,Shipping,Yes,13524 Gill Parks,,East Deborahmouth,GU,18559,USA,001-308-242-891,2023-01-24 11:30:00
9458,1229,Billing,Yes,13524 Gill Parks,,East Deborahmouth,GU,18559,USA,001-308-242-891,2023-01-24 11:30:00
9459,1230,Shipping,Yes,6678 Acevedo Mills,,Port Alejandro,AS,68310,USA,854.582.145653,2023-11-09 20:04:00
9460,1230,Billing,Yes,6678 Acevedo Mills,,Port Alejandro,AS,68310,USA,854.582.145653,2023-11-09 20:04:00
9461,1231,Shipping,Yes,673 Terry Valleys,,Roweport,CO,05346,USA,(202)690-84668,2023-08-22 14:56:00
9462,1231,Billing,Yes,673 Terry Valleys,,Roweport,CO,05346,USA,(202)690-84668,2023-08-22 14:56:00
9463,1232,Shipping,Yes,681 Mckenzie Green Suite 101,,Evanstown,NH,44931,USA,688-548-5200,2023-11-19 17:12:00
9464,1232,Billing,Yes,681 Mckenzie Green Suite 101,,Evanstown,NH,44931,USA,688-548-5200,2023-11-19 17:12:00
9465,1233,Shipping,Yes,26611 Roger Curve Suite 371,,Ericafurt,OR,73766,USA,001-526-783-158,2023-12-23 14:31:00
9466,1233,Billing,Yes,26611 Roger Curve Suite 371,,Ericafurt,OR,73766,USA,001-526-783-158,2023-12-23 14:31:00
9467,1234,Shipping,Yes,285 Carolyn Lodge,,North Mikeport,AZ,69022,USA,962.928.277288,2023-07-24 11:09:00
9468,1234,Billing,Yes,285 Carolyn Lodge,,North Mikeport,AZ,69022,USA,962.928.277288,2023-07-24 11:09:00
9469,1235,Shipping,Yes,06794 Mccullough Tunnel Suite 792,,New Dana,WV,59474,USA,(296)304-4327,2023-12-02 19:00:00
9470,1235,Billing,Yes,06794 Mccullough Tunnel Suite 792,,New Dana,WV,59474,USA,(296)304-4327,2023-12-02 19:00:00
9471,1236,Shipping,Yes,890 Karen Parkway,,North Dominiqueside,HI,02987,USA,(336)358-07412,2023-02-24 20:27:00
9472,1236,Billing,Yes,890 Karen Parkway,,North Dominiqueside,HI,02987,USA,(336)358-07412,2023-02-24 20:27:00
9473,1237,Shipping,Yes,1246 Brian Islands,,North Jennifer,ME,51611,USA,662-460-856411,2023-04-23 10:51:00
9474,1237,Billing,Yes,1246 Brian Islands,,North Jennifer,ME,51611,USA,662-460-856411,2023-04-23 10:51:00
9475,1238,Shipping,Yes,8617 Rick Fort Apt. 489,,East Kathrynberg,ME,74982,USA,699.237.8861,2023-12-23 16:29:00
9476,1238,Billing,Yes,8617 Rick Fort Apt. 489,,East Kathrynberg,ME,74982,USA,699.237.8861,2023-12-23 16:29:00
9477,1239,Shipping,Yes,74946 Kirby Forest,,Brandonside,OK,09667,USA,(638)468-7007,2023-01-26 16:15:00
9478,1239,Billing,Yes,74946 Kirby Forest,,Brandonside,OK,09667,USA,(638)468-7007,2023-01-26 16:15:00
9479,1240,Shipping,Yes,097 Rachel Spring,,South Angela,UT,92683,USA,(739)285-54743,2023-03-04 15:08:00
9480,1240,Billing,Yes,097 Rachel Spring,,South Angela,UT,92683,USA,(739)285-54743,2023-03-04 15:08:00
9481,1241,Shipping,Yes,5370 Julia Trace,,Erinstad,ID,12293,USA,+1-407-215-6956,2023-08-26 18:33:00
9482,1241,Billing,Yes,5370 Julia Trace,,Erinstad,ID,12293,USA,+1-407-215-6956,2023-08-26 18:33:00
9483,1242,Shipping,Yes,399 Cameron Crossroad,,East Jordanshire,PR,30380,USA,6479930361,2023-10-14 17:20:00
9484,1242,Billing,Yes,399 Cameron Crossroad,,East Jordanshire,PR,30380,USA,6479930361,2023-10-14 17:20:00
9485,1243,Shipping,Yes,030 Hull Place Suite 506,,West Christopher,OK,03826,USA,987-906-056641,2023-08-15 17:52:00
9486,1243,Billing,Yes,030 Hull Place Suite 506,,West Christopher,OK,03826,USA,987-906-056641,2023-08-15 17:52:00
9487,1244,Shipping,Yes,73505 Sherry Trail,,Duranmouth,OR,16862,USA,(754)611-0760,2023-09-16 14:53:00
9488,1244,Billing,Yes,73505 Sherry Trail,,Duranmouth,OR,16862,USA,(754)611-0760,2023-09-16 14:53:00
9489,1245,Shipping,Yes,6619 Hall Rapid,,South Patrickchester,FM,81793,USA,320-270-4961,2023-10-08 15:57:00
9490,1245,Billing,Yes,6619 Hall Rapid,,South Patrickchester,FM,81793,USA,320-270-4961,2023-10-08 15:57:00
9491,1246,Shipping,Yes,9723 Laura Circle Apt. 496,,Larryside,WI,19588,USA,610-791-9392,2023-03-23 19:55:00
9492,1246,Billing,Yes,9723 Laura Circle Apt. 496,,Larryside,WI,19588,USA,610-791-9392,2023-03-23 19:55:00
9493,1247,Shipping,Yes,599 Jensen Manor Suite 217,,South Jeffreytown,SC,29733,USA,+1-520-938-8065,2023-09-01 15:16:00
9494,1247,Billing,Yes,599 Jensen Manor Suite 217,,South Jeffreytown,SC,29733,USA,+1-520-938-8065,2023-09-01 15:16:00
9495,1248,Shipping,Yes,95003 Justin Forges Suite 258,,East James,HI,34814,USA,001-463-662-050,2023-05-07 18:17:00
9496,1248,Billing,Yes,95003 Justin Forges Suite 258,,East James,HI,34814,USA,001-463-662-050,2023-05-07 18:17:00
9497,1249,Shipping,Yes,655 Rowland Gardens,,Port Christinaborough,PR,70685,USA,434-573-552896,2023-09-24 15:40:00
9498,1249,Billing,Yes,655 Rowland Gardens,,Port Christinaborough,PR,70685,USA,434-573-552896,2023-09-24 15:40:00
9499,1250,Shipping,Yes,587 Wells Prairie Suite 903,,East Shannon,IA,52392,USA,997.431.791286,2023-05-03 12:28:00
9500,1250,Billing,Yes,587 Wells Prairie Suite 903,,East Shannon,IA,52392,USA,997.431.791286,2023-05-03 12:28:00
9501,1035,Shipping,No,706 Adam Shores Apt. 282,,Port Joe,FL,71695,USA,489.871.535964,2023-12-14 12:10:00
9502,1212,Shipping,No,746 Lowe Islands Apt. 728,,North Katherine,DE,72672,USA,(708)380-87564,2023-11-17 17:42:00
9503,1046,Shipping,No,8010 Tucker Overpass,,Jonchester,CO,77606,USA,878.786.6364,2024-01-26 12:31:00
9504,1012,Shipping,No,34774 Dickson Flat,,Rayberg,FL,91254,USA,(928)519-15023,2023-11-17 10:11:00
9505,1110,Shipping,No,0521 Smith Roads Apt. 472,Suite 097,Martinland,KY,47084,USA,001-777-336-609,2023-07-05 16:39:00
9506,1126,Shipping,No,4736 Diaz Ridges,Suite 885,Drakehaven,WA,78567,USA,+1-355-871-3198,2023-07-09 14:30:00
9507,1218,Shipping,No,525 King Neck,,Ramirezmouth,SC,21185,USA,823-384-8775,2023-11-26 15:01:00
9508,1215,Shipping,No,987 Brooks Ramp,,East Jessica,GU,78442,USA,3009590545,2023-04-25 08:42:00
9509,1053,Shipping,No,5854 Marcus Port,,New Jeffreyport,HI,38570,USA,(727)512-39330,2023-05-30 14:22:00
9510,1036,Shipping,No,759 Ashley Valleys Apt. 821,,Hendrickshaven,NM,73919,USA,957.988.273763,2023-05-09 13:46:00
9511,1206,Shipping,No,836 Jenkins Port,,Sandovalfort,NY,43217,USA,300-244-507296,2023-12-22 10:25:00
9512,1203,Shipping,No,322 Kelly Mission Apt. 546,,North Marvin,ME,88412,USA,556-971-1775,2023-03-04 11:26:00
9513,1057,Shipping,No,5819 Lambert Parkways,,Adrianmouth,VT,41844,USA,001-738-205-365,2024-01-09 16:14:00
9514,1179,Shipping,No,051 Melissa Lodge Suite 721,Apt. 815,Kelleyside,NV,04183,USA,(378)653-7982,2023-10-07 18:03:00
9515,1163,Shipping,No,1371 Allen Ways,,Barkershire,AZ,69861,USA,(883)906-84836,2024-02-26 10:50:00
9516,1023,Shipping,No,86656 Sarah Mountains,,Watsonstad,OK,47126,USA,635.241.057725,2023-06-21 16:45:00
9517,1133,Shipping,No,8988 Anthony Plains,,Lindahaven,NV,20325,USA,257.484.5720,2024-02-16 08:26:00
9518,1038,Shipping,No,04150 Moss Track Suite 931,,Grayhaven,TN,16083,USA,(211)255-66134,2024-01-26 17:54:00
9519,1160,Shipping,No,5840 David Neck,,South Morganshire,RI,89862,USA,7642949356,2024-01-03 17:22:00
9520,1114,Shipping,No,638 Richard Oval,Apt. 245,Kellieville,NM,05531,USA,233.251.424496,2023-05-10 20:39:00
9521,1019,Shipping,No,5398 Joshua Well,Suite 725,West Alejandroshire,MS,14852,USA,001-370-899-873,2024-03-21 10:08:00
9522,1109,Shipping,No,813 Jerry Road Suite 691,,New Cody,AR,13758,USA,(545)846-62573,2023-10-07 20:03:00
9523,1185,Shipping,No,76987 Jackson Way,Apt. 957,Tracystad,AZ,73294,USA,3987971733,2023-08-08 12:53:00
9524,1236,Shipping,No,60426 Joseph Trail Suite 716,,Benjaminview,KS,14235,USA,(726)644-58296,2023-12-05 16:47:00
9525,1140,Shipping,No,913 Grant Glens,,Pooleberg,AK,79529,USA,683.473.9652,2024-01-23 19:16:00
9526,1021,Shipping,No,607 Keller Crest Suite 644,Apt. 261,West James,FL,43171,USA,(656)318-32621,2024-03-14 10:35:00
9527,1189,Shipping,No,1095 Spears Ways Suite 275,Apt. 568,New Rebeccahaven,HI,91874,USA,6722712633,2024-02-05 11:33:00
9528,1195,Shipping,No,937 Jessica Gateway,,South Terry,NV,32935,USA,826.727.7674,2024-03-02 20:12:00
9529,1083,Shipping,No,468 Bowman Mount,,Brandyberg,OK,38450,USA,899-631-367572,2023-12-28 14:17:00
9530,1118,Shipping,No,536 Merritt Rue,,Port Jacob,ID,10415,USA,(513)517-79053,2023-06-18 10:44:00
9531,1043,Shipping,No,51801 Powell Plains,,East Johnberg,ND,08145,USA,393-788-9531,2023-09-17 19:10:00
9532,1175,Shipping,No,397 Michael Gardens Suite 159,,North Emilychester,AL,66051,USA,(923)465-04602,2024-01-18 18:42:00
9533,1071,Shipping,No,1826 Sherri Trail,Apt. 506,North Bruce,LA,04848,USA,357-299-7062,2024-01-11 12:10:00
9534,1217,Shipping,No,526 Barnes Landing Apt. 836,,Port Peterburgh,DE,38631,USA,6735730871,2024-03-26 14:48:00
9535,1087,Shipping,No,90920 Matthew Turnpike,Suite 260,Smithburgh,SD,37796,USA,448.957.988892,2023-11-11 19:46:00
9536,1008,Shipping,No,152 Caitlin Views,Apt. 229,Lambertburgh,WI,43489,USA,301-849-384754,2024-01-04 11:06:00
9537,1009,Shipping,No,9478 Brian Via Apt. 463,,Jenkinshaven,IA,63158,USA,(255)904-58387,2023-12-18 09:29:00
9538,1196,Shipping,No,99031 Clarke Court Apt. 359,Apt. 433,North Linda,MN,88755,USA,(596)740-10146,2024-02-01 12:40:00
9539,1003,Shipping,No,62260 Chris Loaf,,Davidfurt,MO,30217,USA,316.214.0823,2023-09-10 20:23:00
9540,1200,Shipping,No,1719 Stewart Streets,Suite 051,Anthonyland,PA,93529,USA,5057673526,2023-09-29 10:25:00
9541,1007,Shipping,No,76352 Rodriguez Run Apt. 228,Suite 710,Perrychester,AK,22590,USA,792-935-777414,2024-02-21 18:23:00
9542,1199,Shipping,No,5322 Shields Road,,Bensonstad,GA,52112,USA,858-578-9891,2023-09-13 12:12:00
9543,1171,Shipping,No,1511 Jonathan Stream,Suite 124,Virginiaport,MT,58120,USA,213.871.7419,2024-03-24 08:42:00
9544,1177,Shipping,No,545 Amy Mountains Apt. 340,,Lake Tinaland,NM,53364,USA,470-961-3011,2023-09-30 12:26:00
9545,1210,Shipping,No,318 Spencer Burgs,Apt. 579,Howardchester,KS,02102,USA,9194154260,2024-03-27 12:32:00
9546,1186,Shipping,No,16434 Kevin Shore Apt. 147,,Nataliefurt,NE,19440,USA,682-823-064211,2024-01-09 16:58:00
9547,1243,Shipping,No,89515 John Spurs,Suite 652,Port Karenport,NE,34202,USA,333-516-495060,2024-02-28 11:46:00
9548,1022,Shipping,No,134 Newton Turnpike Apt. 107,,Lake Timothychester,OK,90219,USA,001-657-660-188,2023-11-13 16:44:00
9549,1222,Shipping,No,7334 Nathan Shoal Suite 369,,Johnsonchester,NY,47719,USA,(553)917-5040,2023-11-03 12:21:00
9550,1220,Shipping,No,18596 Adams Brook,Suite 290,Jenniferstad,AZ,79008,USA,(279)828-18472,2023-08-21 15:39:00
9551,1194,Shipping,No,992 Jones Roads,Apt. 195,Austinfurt,HI,97451,USA,389.908.806831,2023-10-17 18:44:00
9552,1191,Shipping,No,282 Jason Common Apt. 567,,Taylortown,GU,90957,USA,001-538-656-162,2023-07-03 18:40:00
9553,1164,Shipping,No,7323 Santos Fort,,Royburgh,PW,13769,USA,+1-742-909-4207,2023-08-04 11:13:00
9554,1150,Shipping,No,942 Williams Wall,Suite 925,Port Rebecca,AS,00787,USA,001-595-958-779,2024-01-02 20:52:00
9555,1225,Shipping,No,2381 Woodward Tunnel Apt. 292,,East Malikville,TN,83946,USA,733-201-0753,2024-01-25 17:20:00
9556,1239,Shipping,No,6948 Dawson Wells,Apt. 232,East Jeremy,GA,04876,USA,+1-573-385-7094,2023-03-29 14:46:00
9557,1207,Shipping,No,0858 Benjamin Ford,,Williamsonville,IN,15129,USA,(382)526-08099,2023-08-30 20:06:00
9558,1049,Shipping,No,8449 Amber Flat,,Littlemouth,FM,97550,USA,681.813.3704,2024-03-28 15:33:00
9559,1124,Shipping,No,5540 Chase Bridge,,West Robinstad,MD,85699,USA,782.234.811808,2023-11-24 16:03:00
9560,1026,Shipping,No,847 Vargas Plaza,,West Zachary,WA,46914,USA,571.256.4153,2023-12-30 11:37:00
9561,1113,Shipping,No,66670 Lewis Fort Apt. 191,,Terryville,OR,44067,USA,330-993-731340,2023-12-21 11:31:00
9562,1138,Shipping,No,79306 Lisa Prairie,,North Paula,LA,49137,USA,620.972.162474,2024-01-29 18:20:00
9563,1166,Shipping,No,55065 Barbara Rest,Apt. 536,Weberville,DC,03676,USA,220.395.789035,2023-10-20 14:54:00
9564,1096,Shipping,No,445 Murphy Squares Suite 817,,Kellyburgh,AZ,41735,USA,205-315-567409,2023-10-23 09:58:00
9565,1015,Shipping,No,759 Austin Burg Apt. 341,Suite 058,South Crystaltown,OK,09959,USA,246-254-840000,2024-03-08 15:48:00
9566,1162,Shipping,No,645 Hanson Lights Apt. 487,Suite 256,West Victoriaside,OR,79801,USA,(346)562-5760,2023-11-12 09:29:00
9567,1155,Shipping,No,795 Christopher Parkways,Apt. 216,Gregorystad,AR,73491,USA,+1-915-695-9043,2023-09-20 20:35:00
9568,1240,Shipping,No,647 Gates Stravenue,Suite 310,Port Mackenzie,UT,32941,USA,897-367-0254,2023-11-27 08:00:00
9569,1039,Shipping,No,444 Wheeler Haven Suite 892,Suite 418,East William,WI,09323,USA,937-724-4792,2023-09-30 08:51:00
9570,1091,Shipping,No,448 Smith Avenue,,Patrickside,KS,53608,USA,992.548.8780,2024-01-11 13:49:00
9571,1081,Shipping,No,7649 Schaefer Mission Apt. 534,,West Daniel,CT,71020,USA,816.828.974767,2024-03-26 10:53:00
9572,1098,Shipping,No,919 Carolyn Lakes,,South Mary,DC,45394,USA,001-793-817-697,2023-05-11 11:44:00
9573,1173,Shipping,No,9105 Gross Forest Suite 704,,Kristenfort,NJ,15047,USA,605-677-025015,2023-09-19 18:44:00
9574,1030,Shipping,No,99857 Anderson Loaf Apt. 744,,Michaelmouth,VT,88201,USA,+1-776-563-3542,2023-11-28 17:07:00
9575,1130,Shipping,No,727 Anderson Road,Apt. 769,Emilyside,NM,08390,USA,001-289-442-660,2023-11-04 08:56:00
